Message;Average power(Watts);Average frecuenzy(GHz) ;Max power(Watts);Max frecuenzy(GHz) ;Min power(Watts);Min frecuenzy(GHz) ;C2 resident;C2 count;C2 latency;C1 resident;C1 count;C1 latency;C0 resident;C0 count;C0 latency;POLL resident;POLL count;POLL latency;time;
idle;39.87;0.80;42.15;0.80;38.36;0.80;;;;0.175;3987;2;8.395;;;0.001;105;0;20.02;
800000-threshold-0;45.52;0.80;47.98;0.80;43.55;0.80;;;;0.131;17710;2;31.718;;;0.001;2655;0;114.73;
idle;41.96;0.80;45.29;0.80;38.33;0.80;;;;0.150;4004;2;13.796;;;0.001;229;0;20.02;
800000-threshold-50;43.84;0.80;44.75;0.80;41.18;0.80;;;;0.141;27480;2;24.327;;;0.001;3831;0;162.77;
idle;39.45;0.80;41.30;0.80;37.66;0.80;;;;0.193;3738;2;8.082;;;0.001;310;0;20.02;
800000-threshold-100;45.57;0.80;48.28;0.80;42.57;0.80;;;;0.126;16869;2;33.156;;;0.002;2715;0;99.30;
idle;39.46;0.80;40.79;0.80;37.96;0.80;;;;0.192;4419;2;8.061;;;0.001;95;0;20.02;
800000-threshold-150;49.27;0.80;51.34;0.80;41.47;0.80;;;;0.098;5913;2;49.938;;;0.002;1736;0;57.16;
idle;39.77;0.80;42.94;0.80;38.80;0.80;;;;0.158;3662;2;8.556;;;0.000;80;0;20.02;
800000-threshold-0;45.54;0.80;47.34;0.80;42.30;0.80;;;;0.122;17402;2;32.745;;;0.002;2612;0;110.18;
idle;39.41;0.80;40.97;0.80;38.04;0.80;;;;0.206;3954;2;8.043;;;0.001;101;0;20.02;
800000-threshold-50;48.65;0.80;50.73;0.80;42.03;0.80;;;;0.077;6764;2;48.933;;;0.002;2191;0;61.48;
idle;39.46;0.80;41.08;0.80;37.58;0.80;;;;0.160;4021;2;8.464;;;0.001;128;0;20.02;
800000-threshold-100;45.55;0.80;47.74;0.80;42.35;0.80;;;;0.110;15693;2;31.952;;;0.002;3037;0;105.92;
idle;39.52;0.80;41.32;0.80;38.09;0.80;;;;0.174;4155;2;8.721;;;0.001;103;0;20.02;
800000-threshold-150;49.09;0.80;51.07;0.80;41.84;0.80;;;;0.111;6291;2;49.850;;;0.002;1893;0;56.25;
idle;39.47;0.80;40.85;0.80;38.87;0.80;;;;0.194;4228;2;8.222;;;0.001;122;0;20.02;
800000-threshold-0;45.16;0.80;47.42;0.80;41.03;0.80;;;;0.126;17956;2;31.571;;;0.001;2825;0;114.45;
idle;39.41;0.80;40.63;0.80;38.43;0.80;;;;0.175;3482;2;8.028;;;0.000;78;0;20.02;
800000-threshold-50;45.58;0.80;47.70;0.80;41.60;0.80;;;;0.110;15953;2;33.051;;;0.001;2509;0;104.62;
idle;39.45;0.80;41.00;0.80;38.13;0.80;;;;0.179;3732;2;8.056;;;0.000;74;0;20.02;
800000-threshold-100;45.56;0.80;47.88;0.80;41.37;0.80;;;;0.114;16165;2;32.662;;;0.001;2325;0;104.31;
idle;39.44;0.80;40.67;0.80;38.39;0.80;;;;0.160;3813;2;8.458;;;0.001;113;0;20.01;
800000-threshold-150;45.62;0.80;48.00;0.80;41.54;0.80;;;;0.141;17729;2;33.396;;;0.002;3515;0;95.79;
idle;39.21;0.80;40.89;0.80;37.65;0.80;;;;0.152;3460;2;7.851;;;0.001;93;0;20.02;
800000-threshold-0;45.43;0.80;47.56;0.80;41.31;0.80;;;;0.153;19438;2;33.234;;;0.001;2836;0;106.25;
idle;39.48;0.80;41.07;0.80;38.04;0.80;;;;0.204;3517;2;8.297;;;0.001;115;0;20.02;
800000-threshold-50;45.19;0.80;47.66;0.80;41.61;0.80;;;;0.117;16351;2;31.571;;;0.002;3073;0;110.60;
idle;39.34;0.80;40.78;0.80;38.01;0.80;;;;0.213;3867;2;8.409;;;0.001;108;0;20.02;
800000-threshold-100;43.95;0.80;45.25;0.80;41.69;0.80;;;;0.125;26033;2;24.378;;;0.001;3293;0;157.05;
idle;39.49;0.80;42.04;0.80;38.23;0.80;;;;0.188;3970;2;8.576;;;0.001;88;0;20.02;
800000-threshold-150;45.62;0.80;47.73;0.80;41.14;0.80;;;;0.124;14609;2;32.732;;;0.002;2856;0;96.74;
idle;39.44;0.80;40.50;0.80;38.53;0.80;;;;0.206;3947;2;8.136;;;0.001;108;0;20.02;
800000-threshold-0;48.29;0.80;49.60;0.80;43.37;0.80;;;;0.094;7017;2;46.979;;;0.002;1995;0;66.26;
idle;39.42;0.80;41.10;0.80;38.19;0.80;;;;0.204;4091;2;8.481;;;0.001;107;0;20.01;
800000-threshold-50;43.91;0.80;45.99;0.80;41.13;0.80;;;;0.172;31016;2;25.606;;;0.001;3376;0;153.06;
idle;39.53;0.80;41.39;0.80;37.75;0.80;;;;0.179;3866;2;8.285;;;0.001;109;0;20.02;
800000-threshold-100;48.84;0.80;50.65;0.80;41.72;0.80;;;;0.093;7181;2;49.663;;;0.002;1988;0;59.46;
idle;39.57;0.80;44.00;0.80;37.96;0.80;;;;0.197;4100;2;8.466;;;0.001;105;0;20.02;
800000-threshold-150;45.46;0.80;47.89;0.80;41.79;0.80;;;;0.138;16939;2;33.016;;;0.002;3001;0;95.69;
idle;39.83;0.80;42.62;0.80;38.14;0.80;;;;0.189;3650;2;8.672;;;0.001;121;0;20.02;
800000-threshold-0;48.35;0.80;49.91;0.80;41.45;0.80;;;;0.095;7179;2;46.313;;;0.002;1671;0;67.99;
idle;39.60;0.80;41.53;0.80;38.29;0.80;;;;0.186;3947;2;8.215;;;0.001;126;0;20.01;
800000-threshold-50;45.64;0.80;48.26;0.80;41.61;0.80;;;;0.131;17661;2;33.369;;;0.002;3037;0;102.62;
idle;39.52;0.80;41.09;0.80;38.05;0.80;;;;0.156;3569;2;8.191;;;0.001;106;0;20.02;
800000-threshold-100;45.60;0.80;51.95;0.80;41.50;0.80;;;;0.147;17887;2;33.289;;;0.002;3177;0;99.12;
idle;39.56;0.80;40.56;0.80;37.92;0.80;;;;0.218;4329;2;8.282;;;0.001;127;0;20.02;
800000-threshold-150;45.44;0.80;47.73;0.80;41.56;0.80;;;;0.146;17987;2;32.954;;;0.002;3436;0;98.10;
idle;39.42;0.88;40.60;0.89;38.34;0.87;;;;0.194;3832;2;7.711;;;0.001;120;0;20.02;
900000-threshold-0;46.01;0.90;51.73;0.90;42.95;0.90;;;;0.168;19224;2;32.707;;;0.002;3372;0;94.01;
idle;39.54;0.88;41.00;0.89;38.65;0.87;;;;0.195;4506;2;7.770;;;0.001;103;0;20.02;
900000-threshold-50;46.04;0.90;48.60;0.90;43.74;0.90;;;;0.146;15343;2;31.555;;;0.002;3042;0;96.44;
idle;40.54;0.88;44.23;0.90;38.47;0.87;;;;0.261;4321;2;9.797;;;0.001;262;0;20.00;
900000-threshold-100;49.97;0.90;53.69;0.90;41.70;0.89;;;;0.102;6202;2;48.609;;;0.002;2129;0;53.22;
idle;39.42;0.88;42.02;0.89;38.27;0.87;;;;0.170;3685;2;7.616;;;0.001;331;0;20.01;
900000-threshold-150;46.11;0.90;48.55;0.90;42.24;0.89;;;;0.135;14110;2;31.463;;;0.002;3200;0;89.77;
idle;39.55;0.88;40.64;0.89;37.98;0.87;;;;0.191;3921;2;7.653;;;0.001;256;0;20.02;
900000-threshold-0;49.15;0.90;50.52;0.90;43.62;0.90;;;;0.095;7280;2;46.621;;;0.002;2315;0;58.40;
idle;39.36;0.88;41.16;0.89;38.08;0.87;;;;0.178;3549;2;7.494;;;0.001;109;0;20.02;
900000-threshold-50;44.33;0.90;45.50;0.90;41.97;0.89;;;;0.162;25187;2;24.529;;;0.001;3965;0;137.57;
idle;39.47;0.88;40.93;0.88;38.15;0.87;;;;0.202;4127;2;7.804;;;0.001;106;0;20.02;
900000-threshold-100;46.43;0.90;48.83;0.90;42.83;0.89;;;;0.138;14795;2;33.066;;;0.002;3262;0;87.30;
idle;39.40;0.88;40.35;0.89;38.32;0.87;;;;0.175;3620;2;7.636;;;0.001;110;0;20.02;
900000-threshold-150;44.58;0.90;46.72;0.90;41.82;0.89;;;;0.169;25015;2;24.931;;;0.001;3473;0;127.87;
idle;39.23;0.88;41.45;0.89;37.86;0.87;;;;0.212;3932;2;7.421;;;0.001;214;0;20.02;
900000-threshold-0;45.85;0.90;47.79;0.90;41.37;0.89;;;;0.126;15459;2;31.992;;;0.002;3705;0;96.30;
idle;39.21;0.88;40.44;0.89;37.65;0.87;;;;0.191;3745;2;7.532;;;0.001;115;0;20.02;
900000-threshold-50;46.05;0.90;48.32;0.90;41.59;0.89;;;;0.142;16067;2;32.796;;;0.002;3602;0;89.78;
idle;39.59;0.88;41.57;0.89;37.53;0.87;;;;0.194;4045;2;8.175;;;0.001;119;0;20.02;
900000-threshold-100;46.10;0.90;48.81;0.90;42.82;0.90;;;;0.166;16408;2;32.647;;;0.002;3718;0;88.30;
idle;39.69;0.88;40.92;0.89;38.23;0.87;;;;0.201;3463;2;8.057;;;0.001;110;0;20.02;
900000-threshold-150;45.77;0.90;48.33;0.90;41.76;0.89;;;;0.139;14769;2;30.970;;;0.002;3527;0;93.21;
idle;39.41;0.88;40.51;0.89;38.33;0.87;;;;0.199;3474;2;7.594;;;0.001;106;0;20.02;
900000-threshold-0;46.03;0.90;49.31;0.90;43.06;0.90;;;;0.156;17025;2;32.698;;;0.002;3664;0;95.45;
idle;39.31;0.88;40.51;0.89;38.32;0.87;;;;0.205;3719;2;7.281;;;0.001;118;0;20.02;
900000-threshold-50;46.26;0.90;48.99;0.90;42.84;0.90;;;;0.147;16514;2;32.654;;;0.002;2904;0;91.31;
idle;39.43;0.88;40.54;0.89;38.67;0.87;;;;0.233;3814;2;7.491;;;0.001;95;0;20.02;
900000-threshold-100;45.90;0.90;48.83;0.90;42.11;0.89;;;;0.125;14378;2;31.136;;;0.002;3291;0;93.96;
idle;39.42;0.88;41.16;0.89;38.01;0.87;;;;0.241;3868;2;7.595;;;0.001;115;0;20.02;
900000-threshold-150;50.35;0.90;53.31;0.90;42.26;0.89;;;;0.114;6726;2;48.789;;;0.003;2203;0;52.51;
idle;39.43;0.88;41.02;0.89;37.72;0.86;;;;0.190;3694;2;7.526;;;0.001;103;0;20.02;
900000-threshold-0;44.30;0.90;46.14;0.90;41.57;0.89;;;;0.196;29311;2;24.895;;;0.001;4098;0;139.13;
idle;39.26;0.88;40.20;0.89;38.10;0.87;;;;0.229;4267;2;7.440;;;0.001;112;0;20.02;
900000-threshold-50;46.17;0.90;48.69;0.90;41.68;0.89;;;;0.145;16203;2;32.697;;;0.002;3287;0;91.43;
idle;39.52;0.88;42.44;0.88;38.54;0.87;;;;0.197;3603;2;7.883;;;0.001;109;0;20.02;
900000-threshold-100;46.48;0.90;49.16;0.90;42.15;0.89;;;;0.161;15283;2;32.818;;;0.002;3406;0;87.62;
idle;39.64;0.88;43.11;0.88;38.20;0.88;;;;0.231;4163;2;7.926;;;0.001;127;0;20.02;
900000-threshold-150;46.01;0.90;49.12;0.90;41.75;0.89;;;;0.137;14060;2;31.121;;;0.002;3404;0;90.89;
idle;39.65;0.88;41.82;0.89;38.24;0.87;;;;0.191;3930;2;7.735;;;0.001;108;0;20.02;
900000-threshold-0;46.13;0.90;48.05;0.90;43.15;0.90;;;;0.200;18481;2;32.766;;;0.002;3560;0;93.93;
idle;39.37;0.88;40.85;0.88;37.60;0.87;;;;0.185;3773;2;7.363;;;0.001;98;0;20.02;
900000-threshold-50;49.64;0.90;51.79;0.90;43.00;0.90;;;;0.111;6691;2;48.856;;;0.002;2407;0;54.23;
idle;39.56;0.88;40.85;0.89;38.19;0.87;;;;0.204;3987;2;8.046;;;0.001;135;0;20.01;
900000-threshold-100;46.23;0.90;49.02;0.90;43.28;0.90;;;;0.129;15075;2;32.436;;;0.002;3333;0;90.96;
idle;39.46;0.88;41.03;0.89;38.54;0.88;;;;0.199;3924;2;7.602;;;0.001;169;0;20.02;
900000-threshold-150;46.32;0.90;49.15;0.90;42.93;0.90;;;;0.160;16412;2;32.813;;;0.002;2786;0;83.85;
idle;39.21;0.95;40.22;0.97;37.00;0.93;;;;0.230;4417;2;6.897;;;0.001;104;0;20.02;
1000000-threshold-0;49.43;1.00;51.45;1.00;41.94;0.98;;;;0.113;7655;2;44.149;;;0.002;2768;0;56.21;
idle;39.29;0.95;42.31;0.97;37.82;0.94;;;;0.175;3889;2;7.180;;;0.001;206;0;20.02;
1000000-threshold-50;50.45;1.00;53.08;1.00;43.00;0.99;;;;0.100;6391;2;48.077;;;0.002;2396;0;49.38;
idle;39.45;0.95;41.40;0.98;37.48;0.94;;;;0.242;4367;2;7.319;;;0.001;136;0;20.02;
1000000-threshold-100;46.84;1.00;49.79;1.00;44.05;1.00;;;;0.153;15245;2;32.136;;;0.002;3402;0;80.88;
idle;39.28;0.95;40.59;0.97;38.01;0.94;;;;0.245;3940;2;6.962;;;0.001;102;0;20.02;
1000000-threshold-150;47.13;1.00;50.39;1.00;41.47;0.97;;;;0.162;14035;2;32.429;;;0.002;3142;0;75.41;
idle;39.82;0.96;43.27;0.98;38.70;0.94;;;;0.241;4268;2;7.619;;;0.000;112;0;20.02;
1000000-threshold-0;49.69;1.00;51.21;1.00;42.16;0.97;;;;0.131;7782;2;44.888;;;0.003;2845;0;54.60;
idle;39.49;0.95;43.06;0.98;38.22;0.93;;;;0.189;4070;2;7.043;;;0.000;90;0;20.02;
1000000-threshold-50;47.07;1.00;50.31;1.00;43.18;0.99;;;;0.148;15393;2;32.676;;;0.002;3508;0;80.68;
idle;39.49;0.95;40.52;0.98;38.02;0.93;;;;0.190;3881;2;7.152;;;0.001;113;0;20.02;
1000000-threshold-100;47.02;1.00;50.31;1.00;43.11;0.99;;;;0.155;13469;2;32.081;;;0.002;2664;0;80.70;
idle;39.46;0.95;40.69;0.97;37.62;0.93;;;;0.236;4270;2;7.103;;;0.001;98;0;20.02;
1000000-threshold-150;46.81;1.00;50.02;1.00;43.83;1.00;;;;0.180;15762;2;32.068;;;0.002;4035;0;78.71;
idle;39.47;0.95;41.22;0.97;37.56;0.93;;;;0.218;4156;2;6.900;;;0.000;87;0;20.02;
1000000-threshold-0;46.63;1.00;48.86;1.00;44.03;0.99;;;;0.155;15658;2;31.840;;;0.002;4049;0;85.01;
idle;39.68;0.95;42.43;0.97;38.78;0.94;;;;0.203;3681;2;7.231;;;0.001;90;0;20.02;
1000000-threshold-50;46.41;1.00;49.59;1.00;42.64;0.99;;;;0.147;15308;2;30.739;;;0.002;3264;0;88.26;
idle;39.66;0.95;42.92;0.97;38.15;0.93;;;;0.198;4161;2;7.239;;;0.001;123;0;20.02;
1000000-threshold-100;46.84;1.00;49.68;1.00;44.27;0.99;;;;0.147;14552;2;31.731;;;0.002;3376;0;81.46;
idle;39.52;0.96;41.26;0.97;38.10;0.94;;;;0.193;4141;2;7.333;;;0.001;89;0;20.02;
1000000-threshold-150;46.69;1.00;49.73;1.00;41.55;0.97;;;;0.117;13147;2;31.004;;;0.002;3239;0;80.22;
idle;39.67;0.96;41.72;0.97;38.31;0.93;;;;0.233;3989;2;7.609;;;0.001;98;0;20.02;
1000000-threshold-0;46.72;1.00;49.04;1.00;42.85;0.98;;;;0.167;16235;2;31.918;;;0.002;3784;0;86.49;
idle;39.41;0.95;41.05;0.98;38.44;0.94;;;;0.220;4059;2;7.073;;;0.001;98;0;20.02;
1000000-threshold-50;46.83;1.00;49.49;1.00;42.18;0.97;;;;0.172;16608;2;31.992;;;0.002;4019;0;82.98;
idle;39.54;0.95;41.38;0.97;37.82;0.93;;;;0.196;3825;2;7.193;;;0.001;96;0;20.02;
1000000-threshold-100;44.76;1.00;45.58;1.00;42.21;0.98;;;;0.173;22267;2;23.436;;;0.001;4039;0;125.09;
idle;39.44;0.96;41.02;0.98;38.51;0.94;;;;0.242;4775;2;7.217;;;0.001;124;0;20.02;
1000000-threshold-150;50.68;1.00;52.94;1.00;43.25;0.98;;;;0.115;5815;2;49.184;;;0.003;2672;0;45.18;
idle;39.30;0.95;40.89;0.97;38.18;0.94;;;;0.230;4546;2;6.968;;;0.001;297;0;20.01;
1000000-threshold-0;49.70;1.00;51.54;1.00;42.11;0.98;;;;0.139;7190;2;44.645;;;0.002;2364;0;55.15;
idle;39.47;0.95;41.22;0.97;37.63;0.93;;;;0.267;4568;2;7.239;;;0.001;125;0;20.02;
1000000-threshold-50;45.00;1.00;46.48;1.00;42.92;0.99;;;;0.176;26263;2;24.516;;;0.002;4150;0;119.27;
idle;39.66;0.96;42.13;0.98;38.67;0.94;;;;0.286;4131;2;7.389;;;0.001;93;0;20.02;
1000000-threshold-100;50.68;1.00;53.10;1.00;42.99;0.99;;;;0.123;6232;2;48.630;;;0.003;2371;0;47.05;
idle;39.38;0.95;40.66;0.97;38.26;0.94;;;;0.170;3266;2;6.834;;;0.001;111;0;20.02;
1000000-threshold-150;44.94;1.00;45.95;1.00;41.90;0.97;;;;0.153;21637;2;23.477;;;0.001;3490;0;120.50;
idle;39.35;0.96;42.72;0.98;37.56;0.94;;;;0.225;3756;2;7.214;;;0.001;122;0;20.01;
1000000-threshold-0;46.41;1.00;48.56;1.00;43.47;0.99;;;;0.162;15872;2;30.762;;;0.002;3675;0;88.01;
idle;39.35;0.95;41.38;0.98;38.21;0.94;;;;0.223;3662;2;7.097;;;0.001;103;0;20.02;
1000000-threshold-50;47.01;1.00;49.66;1.00;43.68;0.99;;;;0.169;15527;2;32.515;;;0.002;3176;0;80.76;
idle;39.41;0.95;40.66;0.97;38.13;0.94;;;;0.238;4366;2;7.014;;;0.001;109;0;20.02;
1000000-threshold-100;46.85;1.00;49.71;1.00;43.54;1.00;;;;0.145;14953;2;32.113;;;0.002;2758;0;82.46;
idle;39.44;0.95;40.83;0.97;38.43;0.94;;;;0.216;3769;2;7.016;;;0.001;98;0;20.02;
1000000-threshold-150;46.82;1.00;49.33;1.00;42.50;0.99;;;;0.183;14866;2;32.223;;;0.002;3624;0;78.19;
idle;39.56;1.02;43.96;1.06;37.08;0.98;;;;0.231;4441;2;6.880;;;0.001;110;0;20.02;
1100000-threshold-0;47.14;1.10;49.42;1.10;42.18;1.07;;;;0.209;16652;2;31.292;;;0.002;3988;0;77.79;
idle;39.51;1.02;40.39;1.05;38.31;1.00;;;;0.235;4135;2;6.649;;;0.000;105;0;20.02;
1100000-threshold-50;47.19;1.10;50.48;1.10;41.86;1.06;;;;0.155;14048;2;30.641;;;0.002;3515;0;76.90;
idle;39.71;1.03;42.74;1.06;38.04;1.00;;;;0.228;4259;2;7.031;;;0.001;112;0;20.02;
1100000-threshold-100;51.60;1.10;54.50;1.10;43.95;1.10;;;;0.109;6179;2;48.435;;;0.003;2709;0;43.67;
idle;39.57;1.02;41.50;1.05;38.25;1.00;;;;0.189;4373;2;6.663;;;0.001;113;0;20.02;
1100000-threshold-150;47.23;1.10;50.33;1.10;41.79;1.06;;;;0.162;13987;2;30.846;;;0.002;3280;0;72.21;
idle;39.64;1.02;43.28;1.06;38.20;1.00;;;;0.241;4418;2;6.851;;;0.001;121;0;20.01;
1100000-threshold-0;50.81;1.10;52.65;1.10;43.22;1.08;;;;0.130;6963;2;45.340;;;0.003;2660;0;48.48;
idle;39.30;1.03;40.50;1.05;38.53;1.01;;;;0.211;4392;2;6.497;;;0.000;102;0;20.02;
1100000-threshold-50;47.41;1.10;49.98;1.10;41.77;1.06;;;;0.196;15166;2;31.871;;;0.002;3949;0;73.16;
idle;39.43;1.03;41.23;1.05;37.97;1.00;;;;0.229;4304;2;6.774;;;0.001;121;0;20.01;
1100000-threshold-100;47.41;1.10;51.26;1.10;43.16;1.09;;;;0.196;16133;2;32.178;;;0.003;4440;0;70.80;
idle;39.36;1.02;41.52;1.05;37.75;0.99;;;;0.277;4162;2;6.691;;;0.000;87;0;20.02;
1100000-threshold-150;47.49;1.10;50.39;1.10;44.07;1.09;;;;0.174;15032;2;31.273;;;0.002;3714;0;71.92;
idle;39.38;1.03;40.71;1.05;38.22;1.00;;;;0.196;4083;2;6.737;;;0.001;124;0;20.02;
1100000-threshold-0;47.12;1.10;50.27;1.10;43.02;1.07;;;;0.185;16820;2;31.688;;;0.002;4336;0;77.11;
idle;39.33;1.02;43.27;1.07;37.92;0.98;;;;0.190;4425;2;6.666;;;0.001;106;0;20.02;
1100000-threshold-50;47.29;1.10;50.57;1.10;43.63;1.10;;;;0.181;16167;2;31.905;;;0.002;5280;0;74.71;
idle;39.17;1.03;40.46;1.05;37.74;0.99;;;;0.217;3848;2;6.628;;;0.001;109;0;20.01;
1100000-threshold-100;47.29;1.10;50.51;1.10;42.25;1.06;;;;0.163;15040;2;31.808;;;0.002;3682;0;74.17;
idle;39.28;1.02;41.36;1.06;37.71;0.99;;;;0.207;3969;2;6.586;;;0.000;92;0;20.02;
1100000-threshold-150;51.90;1.10;54.54;1.10;44.54;1.10;;;;0.110;5790;2;48.960;;;0.003;2863;0;40.74;
idle;39.52;1.02;41.31;1.08;38.16;1.00;;;;0.216;3870;2;6.892;;;0.001;117;0;20.02;
1100000-threshold-0;50.49;1.10;52.07;1.10;43.19;1.07;;;;0.118;7099;2;45.064;;;0.003;2786;0;49.21;
idle;39.41;1.02;40.81;1.06;38.21;1.00;;;;0.227;4051;2;6.573;;;0.000;100;0;20.00;
1100000-threshold-50;51.60;1.10;53.79;1.10;44.02;1.09;;;;0.125;7029;2;48.460;;;0.003;2677;0;44.53;
idle;39.42;1.02;41.96;1.08;37.97;0.99;;;;0.245;3845;2;6.889;;;0.000;93;0;20.02;
1100000-threshold-100;47.12;1.10;49.76;1.10;43.13;1.10;;;;0.141;12222;2;30.976;;;0.003;4376;0;73.93;
idle;39.46;1.02;40.44;1.08;38.11;0.99;;;;0.177;3757;2;6.694;;;0.001;127;0;20.02;
1100000-threshold-150;47.51;1.10;50.39;1.10;41.86;1.06;;;;0.165;13641;2;31.938;;;0.002;3548;0;69.42;
idle;39.41;1.02;40.55;1.05;38.32;1.01;;;;0.238;4154;2;6.572;;;0.001;106;0;20.02;
1100000-threshold-0;50.62;1.10;51.96;1.10;44.34;1.08;;;;0.123;6408;2;45.842;;;0.002;2868;0;48.11;
idle;39.50;1.02;42.60;1.06;38.33;1.00;;;;0.237;3967;2;6.654;;;0.000;97;0;20.00;
1100000-threshold-50;45.30;1.10;47.37;1.10;42.82;1.06;;;;0.217;25761;2;24.042;;;0.002;4715;0;109.19;
idle;39.86;1.02;43.13;1.06;38.54;0.99;;;;0.253;4189;2;6.979;;;0.001;109;0;20.02;
1100000-threshold-100;47.39;1.10;50.69;1.10;42.14;1.05;;;;0.165;13562;2;30.633;;;0.002;3599;0;77.17;
idle;39.44;1.02;40.29;1.04;38.43;1.01;;;;0.214;3877;2;6.459;;;0.000;78;0;20.02;
1100000-threshold-150;47.29;1.10;50.64;1.10;43.74;1.10;;;;0.200;13851;2;30.375;;;0.002;3401;0;75.02;
idle;39.60;1.02;41.21;1.06;37.95;0.99;;;;0.293;4345;2;6.587;;;0.000;101;0;20.02;
1100000-threshold-0;45.25;1.10;47.74;1.10;43.66;1.07;;;;0.209;25436;2;24.009;;;0.001;4071;0;111.35;
idle;39.66;1.03;42.04;1.07;38.27;1.01;;;;0.257;4757;2;7.209;;;0.001;144;0;20.02;
1100000-threshold-50;45.37;1.10;48.17;1.10;43.73;1.10;;;;0.169;23210;2;23.992;;;0.002;3888;0;108.67;
idle;39.56;1.03;42.45;1.07;38.11;1.00;;;;0.190;3908;2;7.049;;;0.000;115;0;20.02;
1100000-threshold-100;47.50;1.10;50.36;1.10;42.45;1.05;;;;0.194;16538;2;31.803;;;0.002;4669;0;73.57;
idle;39.11;1.02;40.43;1.06;38.23;0.99;;;;0.227;4009;2;6.388;;;0.000;100;0;20.02;
1100000-threshold-150;47.38;1.10;50.55;1.10;41.81;1.06;;;;0.152;13586;2;32.248;;;0.003;4436;0;68.32;
idle;39.20;1.09;40.25;1.12;38.20;1.05;;;;0.230;4689;2;6.212;;;0.001;126;0;20.02;
1200000-threshold-0;51.76;1.20;53.20;1.20;45.45;1.20;;;;0.121;5710;2;45.658;;;0.002;2175;0;43.92;
idle;39.10;1.09;40.25;1.12;38.14;1.05;;;;0.241;4411;2;5.966;;;0.000;93;0;20.02;
1200000-threshold-50;47.86;1.20;51.26;1.20;41.58;1.11;;;;0.166;14134;2;31.493;;;0.003;5020;0;67.26;
idle;40.96;1.11;47.73;1.17;38.58;1.07;;;;0.232;4280;2;8.598;;;0.001;264;0;20.02;
1200000-threshold-100;47.96;1.20;50.74;1.20;43.38;1.20;;;;0.196;14420;2;31.742;;;0.003;4630;0;64.73;
idle;39.35;1.09;41.64;1.13;38.21;1.06;;;;0.274;4797;2;6.236;;;0.000;117;0;20.02;
1200000-threshold-150;48.54;1.20;52.61;1.20;43.71;1.20;;;;0.216;15228;2;31.882;;;0.002;3888;0;62.78;
idle;39.37;1.09;40.26;1.12;38.50;1.05;;;;0.288;5089;2;6.239;;;0.001;122;0;20.02;
1200000-threshold-0;47.70;1.20;50.38;1.20;43.33;1.18;;;;0.166;13742;2;30.128;;;0.003;4910;0;74.65;
idle;39.42;1.09;42.05;1.15;38.05;1.05;;;;0.186;4433;2;6.551;;;0.001;113;0;20.02;
1200000-threshold-50;48.08;1.20;51.81;1.20;41.82;1.16;;;;0.154;13787;2;31.784;;;0.002;3875;0;66.39;
idle;39.07;1.09;40.96;1.12;37.97;1.06;;;;0.266;4412;2;6.069;;;0.001;122;0;20.01;
1200000-threshold-100;48.33;1.20;52.52;1.20;41.95;1.13;;;;0.192;14335;2;31.652;;;0.002;3832;0;65.33;
idle;39.30;1.09;40.72;1.13;38.34;1.06;;;;0.313;4958;2;6.276;;;0.001;121;0;20.02;
1200000-threshold-150;47.86;1.20;51.30;1.20;42.38;1.14;;;;0.168;12710;2;30.320;;;0.002;3786;0;69.62;
idle;39.35;1.10;41.57;1.14;37.61;1.06;;;;0.241;4582;2;6.480;;;0.000;112;0;20.02;
1200000-threshold-0;51.76;1.20;53.21;1.20;45.24;1.20;;;;0.108;6679;2;45.556;;;0.003;3159;0;43.76;
idle;39.50;1.09;42.07;1.13;38.05;1.06;;;;0.192;3968;2;6.450;;;0.000;113;0;20.02;
1200000-threshold-50;47.97;1.20;51.67;1.20;42.27;1.15;;;;0.190;14610;2;31.929;;;0.003;4757;0;67.37;
idle;39.18;1.09;40.68;1.14;37.71;1.05;;;;0.240;4119;2;6.144;;;0.000;96;0;20.00;
1200000-threshold-100;47.93;1.20;50.96;1.20;43.93;1.18;;;;0.191;15022;2;31.671;;;0.002;3962;0;66.38;
idle;39.55;1.09;40.85;1.13;37.99;1.03;;;;0.238;4177;2;6.401;;;0.001;111;0;20.02;
1200000-threshold-150;48.15;1.20;51.21;1.20;42.54;1.17;;;;0.169;13384;2;31.530;;;0.002;4126;0;62.25;
idle;39.45;1.09;41.61;1.12;38.31;1.05;;;;0.257;4283;2;6.327;;;0.000;185;0;20.02;
1200000-threshold-0;45.91;1.20;47.29;1.20;43.81;1.17;;;;0.225;24527;2;23.749;;;0.002;5040;0;101.68;
idle;39.31;1.09;42.83;1.14;38.07;1.06;;;;0.223;4255;2;6.329;;;0.001;190;0;20.02;
1200000-threshold-50;53.00;1.20;57.29;1.20;42.42;1.15;;;;0.136;5954;2;47.093;;;0.003;2422;0;42.61;
idle;39.10;1.09;40.12;1.12;38.11;1.05;;;;0.282;4276;2;6.157;;;0.001;98;0;20.02;
1200000-threshold-100;48.27;1.20;51.24;1.20;44.95;1.18;;;;0.215;13683;2;32.053;;;0.002;3599;0;64.45;
idle;39.04;1.09;40.13;1.12;37.79;1.04;;;;0.282;4566;2;6.061;;;0.001;114;0;20.01;
1200000-threshold-150;52.69;1.20;55.16;1.20;45.13;1.18;;;;0.114;5735;2;48.448;;;0.003;3185;0;37.87;
idle;39.03;1.10;40.66;1.13;37.80;1.06;;;;0.240;4293;2;6.092;;;0.001;113;0;20.02;
1200000-threshold-0;48.01;1.20;51.71;1.20;42.08;1.15;;;;0.183;15222;2;31.396;;;0.002;2908;0;72.28;
idle;39.12;1.09;40.98;1.12;38.43;1.05;;;;0.275;4445;2;6.114;;;0.001;143;0;20.02;
1200000-threshold-50;53.54;1.20;57.09;1.20;45.15;1.20;;;;0.168;7061;2;48.142;;;0.003;3235;0;41.02;
idle;39.28;1.09;44.21;1.16;37.97;1.05;;;;0.207;4412;2;6.425;;;0.001;110;0;20.02;
1200000-threshold-100;47.84;1.20;51.32;1.20;41.81;1.14;;;;0.196;14890;2;31.719;;;0.003;5172;0;65.19;
idle;39.33;1.09;40.56;1.12;38.38;1.07;;;;0.244;4558;2;6.221;;;0.001;147;0;20.02;
1200000-threshold-150;47.98;1.20;50.78;1.20;45.15;1.20;;;;0.188;14223;2;31.659;;;0.003;4206;0;63.98;
idle;39.42;1.10;41.25;1.15;38.25;1.06;;;;0.260;4012;2;6.850;;;0.000;95;0;20.00;
1200000-threshold-0;47.44;1.20;50.05;1.20;43.61;1.17;;;;0.154;13879;2;30.256;;;0.002;4017;0;74.52;
idle;39.56;1.09;43.02;1.15;37.90;1.05;;;;0.239;4675;2;6.581;;;0.001;104;0;20.02;
1200000-threshold-50;45.50;1.20;46.81;1.20;43.75;1.16;;;;0.170;21378;2;22.810;;;0.002;5478;0;106.36;
idle;39.43;1.09;41.25;1.16;38.46;1.06;;;;0.212;4211;2;6.377;;;0.001;102;0;20.02;
1200000-threshold-100;47.63;1.20;50.41;1.20;43.62;1.19;;;;0.164;11404;2;30.654;;;0.002;3956;0;67.55;
idle;39.37;1.10;41.47;1.12;38.29;1.06;;;;0.232;4802;2;6.465;;;0.000;122;0;20.00;
1200000-threshold-150;48.11;1.20;51.16;1.20;41.98;1.13;;;;0.225;14600;2;31.670;;;0.003;4401;0;63.34;
idle;39.15;1.16;40.74;1.21;37.71;1.10;;;;0.310;4849;2;5.843;;;0.001;115;0;20.02;
1300000-threshold-0;52.38;1.30;53.86;1.30;45.03;1.28;;;;0.115;6675;2;45.156;;;0.003;3368;0;41.15;
idle;39.48;1.16;42.21;1.22;38.34;1.11;;;;0.219;4553;2;6.246;;;0.001;104;0;20.01;
1300000-threshold-50;53.61;1.30;56.99;1.30;45.02;1.27;;;;0.153;5924;2;47.522;;;0.003;3128;0;38.53;
idle;39.41;1.16;41.54;1.21;38.15;1.13;;;;0.298;4892;2;6.175;;;0.000;98;0;20.01;
1300000-threshold-100;48.66;1.30;51.99;1.30;42.28;1.20;;;;0.182;13033;2;31.283;;;0.003;4368;0;61.11;
idle;39.45;1.16;41.48;1.20;38.02;1.11;;;;0.250;4268;2;5.883;;;0.000;98;0;20.01;
1300000-threshold-150;49.13;1.30;53.77;1.30;43.96;1.27;;;;0.193;13409;2;31.319;;;0.003;4015;0;58.75;
idle;39.41;1.16;43.36;1.22;37.80;1.11;;;;0.256;4659;2;6.124;;;0.001;115;0;20.02;
1300000-threshold-0;48.33;1.30;51.49;1.30;41.87;1.20;;;;0.188;13607;2;30.476;;;0.003;4296;0;67.30;
idle;39.44;1.16;42.34;1.20;38.37;1.12;;;;0.263;3889;2;5.841;;;0.001;127;0;20.02;
1300000-threshold-50;48.79;1.30;51.81;1.30;43.76;1.26;;;;0.166;12902;2;31.659;;;0.003;4803;0;61.97;
idle;39.53;1.16;40.61;1.19;37.73;1.08;;;;0.257;3958;2;5.882;;;0.001;96;0;20.02;
1300000-threshold-100;48.90;1.30;52.76;1.30;45.24;1.28;;;;0.182;14751;2;31.378;;;0.003;4904;0;61.97;
idle;39.73;1.16;42.50;1.20;38.22;1.11;;;;0.195;4138;2;6.400;;;0.001;151;0;20.02;
1300000-threshold-150;54.08;1.30;57.34;1.30;45.38;1.28;;;;0.165;5940;2;48.588;;;0.004;3129;0;35.01;
idle;39.48;1.16;40.99;1.21;38.05;1.10;;;;0.285;4337;2;5.972;;;0.000;97;0;20.02;
1300000-threshold-0;48.46;1.30;51.35;1.30;43.42;1.25;;;;0.213;15664;2;30.900;;;0.003;4415;0;66.75;
idle;39.33;1.16;40.93;1.25;37.39;1.10;;;;0.252;4609;2;6.093;;;0.000;107;0;20.02;
1300000-threshold-50;48.54;1.30;51.91;1.30;42.70;1.21;;;;0.161;12396;2;31.216;;;0.002;4017;0;64.12;
idle;39.06;1.16;40.00;1.19;38.22;1.12;;;;0.245;4835;2;6.002;;;0.000;104;0;20.01;
1300000-threshold-100;48.51;1.30;51.35;1.30;43.59;1.28;;;;0.162;12495;2;31.542;;;0.003;4665;0;59.52;
idle;39.04;1.15;40.95;1.20;37.68;1.10;;;;0.254;4226;2;5.785;;;0.000;106;0;20.02;
1300000-threshold-150;48.73;1.30;51.89;1.30;44.28;1.28;;;;0.209;13409;2;31.501;;;0.003;4570;0;57.98;
idle;39.27;1.15;40.77;1.23;37.95;1.11;;;;0.233;4353;2;6.113;;;0.001;110;0;20.02;
1300000-threshold-0;48.11;1.30;50.68;1.30;43.79;1.28;;;;0.176;14067;2;30.820;;;0.002;4027;0;68.33;
idle;39.36;1.16;42.69;1.23;37.76;1.10;;;;0.253;4890;2;6.251;;;0.000;98;0;20.02;
1300000-threshold-50;48.39;1.30;51.92;1.30;42.51;1.24;;;;0.184;13858;2;31.185;;;0.002;4424;0;62.26;
idle;39.24;1.15;40.31;1.20;37.92;1.10;;;;0.255;4593;2;5.827;;;0.001;106;0;20.02;
1300000-threshold-100;53.46;1.30;56.87;1.30;44.33;1.27;;;;0.146;6043;2;47.630;;;0.004;3687;0;37.80;
idle;39.35;1.16;41.03;1.24;37.85;1.11;;;;0.265;4480;2;6.092;;;0.001;129;0;20.02;
1300000-threshold-150;48.49;1.30;51.65;1.30;43.36;1.25;;;;0.182;12541;2;30.580;;;0.003;4084;0;60.16;
idle;39.19;1.16;42.36;1.20;38.06;1.13;;;;0.280;4561;2;5.916;;;0.001;149;0;20.01;
1300000-threshold-0;48.13;1.30;51.19;1.30;44.10;1.29;;;;0.193;14709;2;30.312;;;0.002;4111;0;67.47;
idle;39.45;1.16;40.71;1.20;38.29;1.11;;;;0.306;4909;2;6.018;;;0.000;105;0;20.00;
1300000-threshold-50;54.61;1.30;59.96;1.30;44.32;1.28;;;;0.169;5854;2;48.019;;;0.003;2708;0;38.30;
idle;39.64;1.15;43.04;1.21;37.77;1.10;;;;0.250;4270;2;6.289;;;0.001;127;0;20.02;
1300000-threshold-100;48.96;1.30;52.36;1.30;44.44;1.28;;;;0.180;13776;2;31.603;;;0.002;3897;0;60.67;
idle;39.27;1.15;40.78;1.21;38.09;1.11;;;;0.219;4363;2;5.833;;;0.000;87;0;20.02;
1300000-threshold-150;45.92;1.30;47.11;1.30;42.82;1.24;;;;0.227;18738;2;22.569;;;0.002;4071;0;90.42;
idle;39.59;1.15;41.02;1.19;38.23;1.10;;;;0.253;4582;2;6.018;;;0.000;89;0;20.01;
1300000-threshold-0;48.17;1.30;51.16;1.30;41.44;1.20;;;;0.149;12092;2;29.977;;;0.002;3297;0;68.17;
idle;39.23;1.16;40.39;1.19;38.07;1.12;;;;0.251;4571;2;5.746;;;0.001;337;0;20.02;
1300000-threshold-50;48.56;1.30;51.71;1.30;42.65;1.24;;;;0.181;14572;2;31.371;;;0.003;4912;0;63.45;
idle;39.60;1.16;42.90;1.21;37.80;1.11;;;;0.252;4422;2;6.431;;;0.001;130;0;20.02;
1300000-threshold-100;48.76;1.30;52.32;1.30;42.70;1.25;;;;0.223;14238;2;31.303;;;0.003;4095;0;60.43;
idle;39.31;1.15;40.59;1.21;37.74;1.09;;;;0.304;4635;2;5.837;;;0.001;123;0;20.02;
1300000-threshold-150;48.41;1.30;51.24;1.30;44.54;1.29;;;;0.181;13993;2;31.340;;;0.003;4505;0;59.64;
idle;39.58;1.22;40.88;1.28;38.16;1.19;;;;0.294;5124;2;5.815;;;0.001;404;0;20.02;
1400000-threshold-0;46.28;1.39;47.23;1.40;45.10;1.37;;;;0.174;20495;2;22.555;;;0.002;5302;0;96.30;
idle;39.55;1.22;40.35;1.27;38.33;1.16;;;;0.288;4729;2;5.834;;;0.000;95;0;20.02;
1400000-threshold-50;46.67;1.39;48.37;1.40;44.40;1.37;;;;0.213;22691;2;23.184;;;0.002;4624;0;89.62;
idle;39.40;1.21;42.97;1.34;37.33;1.15;;;;0.241;4206;2;5.949;;;0.001;105;0;20.02;
1400000-threshold-100;54.43;1.37;57.04;1.40;45.76;1.36;;;;0.138;5453;2;48.472;;;0.004;3769;0;35.19;
idle;39.37;1.21;41.08;1.25;38.05;1.13;;;;0.275;4949;2;5.586;;;0.001;128;0;20.01;
1400000-threshold-150;49.42;1.39;53.47;1.40;44.54;1.37;;;;0.201;12035;2;31.241;;;0.002;3839;0;58.69;
idle;39.37;1.23;41.53;1.30;37.72;1.16;;;;0.225;4963;2;5.946;;;0.001;104;0;20.02;
1400000-threshold-0;49.15;1.38;51.48;1.40;44.47;1.37;;;;0.188;13489;2;31.694;;;0.002;4266;0;61.75;
idle;39.63;1.24;42.85;1.31;38.12;1.19;;;;0.229;4954;2;6.281;;;0.000;133;0;20.00;
1400000-threshold-50;54.11;1.37;58.60;1.40;45.80;1.36;;;;0.150;6205;2;48.114;;;0.004;4401;0;36.45;
idle;39.20;1.22;40.04;1.28;38.28;1.17;;;;0.271;5102;2;5.573;;;0.000;102;0;20.02;
1400000-threshold-100;48.74;1.39;51.35;1.40;44.36;1.37;;;;0.166;13215;2;31.137;;;0.003;4466;0;58.29;
idle;39.46;1.21;42.26;1.28;38.31;1.15;;;;0.239;4972;2;5.768;;;0.001;193;0;20.02;
1400000-threshold-150;48.94;1.38;52.24;1.40;44.61;1.37;;;;0.203;15448;2;30.962;;;0.003;4907;0;58.12;
idle;39.36;1.22;40.81;1.26;38.08;1.16;;;;0.303;5187;2;5.739;;;0.001;118;0;20.02;
1400000-threshold-0;48.44;1.39;51.19;1.40;45.83;1.36;;;;0.191;14749;2;30.822;;;0.003;5299;0;64.84;
idle;39.22;1.22;40.65;1.28;38.20;1.17;;;;0.261;4842;2;5.555;;;0.000;102;0;20.00;
1400000-threshold-50;48.70;1.38;51.55;1.40;42.01;1.29;;;;0.233;14372;2;31.167;;;0.003;4568;0;59.48;
idle;38.96;1.21;40.15;1.26;37.30;1.16;;;;0.300;4864;2;5.484;;;0.000;100;0;20.02;
1400000-threshold-100;54.15;1.37;57.05;1.40;45.70;1.36;;;;0.165;5913;2;48.281;;;0.004;4106;0;35.39;
idle;39.16;1.22;40.45;1.28;38.04;1.18;;;;0.292;4673;2;5.617;;;0.001;123;0;20.01;
1400000-threshold-150;55.46;1.37;60.81;1.40;46.05;1.36;;;;0.151;6239;2;48.958;;;0.004;4080;0;33.55;
idle;39.55;1.22;43.21;1.31;37.86;1.17;;;;0.306;4489;2;6.227;;;0.000;100;0;20.02;
1400000-threshold-0;49.05;1.39;52.71;1.40;43.91;1.35;;;;0.167;12495;2;30.905;;;0.002;4066;0;62.22;
idle;39.11;1.21;41.25;1.28;37.94;1.16;;;;0.271;4747;2;5.661;;;0.000;95;0;20.02;
1400000-threshold-50;48.80;1.39;51.42;1.40;44.55;1.38;;;;0.198;14424;2;31.202;;;0.003;5371;0;59.33;
idle;39.24;1.21;40.57;1.27;37.72;1.16;;;;0.354;4409;2;5.546;;;0.000;100;0;20.01;
1400000-threshold-100;48.99;1.38;52.21;1.40;42.71;1.34;;;;0.222;13732;2;31.135;;;0.003;4516;0;58.30;
idle;39.70;1.22;41.72;1.30;37.76;1.13;;;;0.273;4311;2;6.237;;;0.000;93;0;20.02;
1400000-threshold-150;48.30;1.39;52.58;1.40;44.52;1.37;;;;0.176;13508;2;30.096;;;0.003;5210;0;59.75;
idle;39.31;1.22;40.67;1.28;37.95;1.17;;;;0.290;4966;2;5.612;;;0.001;389;0;20.02;
1400000-threshold-0;53.03;1.37;54.93;1.40;45.81;1.36;;;;0.100;5789;2;44.800;;;0.003;3327;0;39.88;
idle;39.01;1.23;40.47;1.27;37.68;1.17;;;;0.260;4756;2;5.555;;;0.000;107;0;20.02;
1400000-threshold-50;49.17;1.39;52.80;1.40;45.42;1.38;;;;0.185;13523;2;31.247;;;0.003;4538;0;60.94;
idle;39.30;1.22;41.41;1.27;38.40;1.17;;;;0.259;4939;2;5.813;;;0.001;432;0;20.02;
1400000-threshold-100;49.52;1.39;53.44;1.40;44.19;1.38;;;;0.217;14567;2;31.498;;;0.003;4720;0;58.68;
idle;39.13;1.22;40.20;1.26;38.40;1.18;;;;0.278;4683;2;5.636;;;0.000;98;0;20.02;
1400000-threshold-150;49.03;1.38;51.88;1.40;45.76;1.37;;;;0.219;13336;2;31.186;;;0.003;5481;0;55.95;
idle;39.08;1.22;40.12;1.24;38.28;1.19;;;;0.281;4860;2;5.462;;;0.000;94;0;20.02;
1400000-threshold-0;48.69;1.39;51.78;1.40;43.60;1.36;;;;0.215;14287;2;31.128;;;0.003;4443;0;62.27;
idle;39.31;1.22;40.52;1.27;38.18;1.18;;;;0.283;4574;2;5.705;;;0.001;155;0;20.02;
1400000-threshold-50;53.75;1.37;56.84;1.40;42.57;1.32;;;;0.144;6403;2;46.812;;;0.004;3933;0;37.54;
idle;39.57;1.22;40.80;1.32;38.11;1.17;;;;0.247;5080;2;6.010;;;0.001;132;0;20.02;
1400000-threshold-100;49.57;1.39;53.30;1.40;43.90;1.38;;;;0.181;13476;2;31.576;;;0.003;5154;0;58.34;
idle;39.88;1.22;44.99;1.29;37.67;1.16;;;;0.228;3993;2;6.375;;;0.000;95;0;20.02;
1400000-threshold-150;48.89;1.38;52.24;1.40;42.83;1.33;;;;0.191;13788;2;31.113;;;0.003;4443;0;56.30;
idle;39.54;1.29;41.01;1.38;38.16;1.22;;;;0.309;4476;2;5.679;;;0.000;105;0;20.02;
1500000-threshold-0;49.52;1.47;53.91;1.50;45.64;1.45;;;;0.181;13457;2;30.929;;;0.003;5304;0;59.93;
idle;39.33;1.29;41.45;1.38;37.29;1.21;;;;0.286;5242;2;5.838;;;0.001;160;0;20.02;
1500000-threshold-50;48.97;1.47;52.59;1.50;42.05;1.31;;;;0.189;12744;2;30.178;;;0.002;4837;0;61.21;
idle;39.55;1.30;41.61;1.35;37.91;1.25;;;;0.289;4620;2;5.889;;;0.000;104;0;20.02;
1500000-threshold-100;49.31;1.47;52.33;1.50;44.01;1.42;;;;0.207;13439;2;31.134;;;0.003;4789;0;56.06;
idle;39.14;1.27;41.28;1.32;37.86;1.23;;;;0.271;4807;2;5.444;;;0.000;107;0;20.01;
1500000-threshold-150;46.92;1.48;51.20;1.50;42.84;1.40;;;;0.194;20944;2;23.018;;;0.002;5701;0;81.06;
idle;39.38;1.28;40.94;1.36;38.56;1.22;;;;0.261;4694;2;5.539;;;0.000;111;0;20.02;
1500000-threshold-0;54.04;1.44;56.29;1.50;46.45;1.42;;;;0.146;6924;2;44.912;;;0.004;4448;0;38.59;
idle;39.45;1.28;44.78;1.41;38.14;1.23;;;;0.287;4682;2;5.544;;;0.001;123;0;20.02;
1500000-threshold-50;49.17;1.47;52.79;1.50;42.54;1.39;;;;0.222;12358;2;30.575;;;0.003;4855;0;59.26;
idle;39.70;1.28;42.88;1.32;38.42;1.20;;;;0.285;5296;2;5.683;;;0.000;109;0;20.02;
1500000-threshold-100;49.60;1.47;52.98;1.50;45.68;1.45;;;;0.216;13585;2;31.162;;;0.003;5089;0;56.91;
idle;39.42;1.28;41.57;1.35;37.88;1.20;;;;0.284;5083;2;5.642;;;0.001;126;0;20.02;
1500000-threshold-150;49.16;1.47;52.32;1.50;43.67;1.39;;;;0.204;12017;2;30.499;;;0.003;4278;0;56.62;
idle;39.08;1.27;40.83;1.35;37.85;1.21;;;;0.326;5079;2;5.424;;;0.001;122;0;20.02;
1500000-threshold-0;53.19;1.44;55.62;1.50;42.59;1.41;;;;0.211;7246;2;43.665;;;0.003;3895;0;40.22;
idle;39.21;1.29;41.64;1.41;38.10;1.24;;;;0.323;5232;2;5.719;;;0.001;135;0;20.02;
1500000-threshold-50;49.06;1.47;53.56;1.50;43.90;1.44;;;;0.212;15338;2;30.842;;;0.003;5882;0;57.76;
idle;39.43;1.29;43.39;1.36;38.23;1.22;;;;0.296;5334;2;5.940;;;0.000;105;0;20.02;
1500000-threshold-100;55.11;1.45;59.38;1.50;45.16;1.43;;;;0.141;5588;2;48.491;;;0.004;3990;0;34.14;
idle;39.14;1.28;40.34;1.33;37.62;1.21;;;;0.279;4868;2;5.406;;;0.000;107;0;20.02;
1500000-threshold-150;49.34;1.47;52.68;1.50;44.68;1.43;;;;0.222;14835;2;31.280;;;0.003;4892;0;54.60;
idle;39.21;1.27;42.40;1.36;37.94;1.19;;;;0.302;4923;2;5.416;;;0.001;325;0;20.02;
1500000-threshold-0;49.05;1.47;52.31;1.50;46.18;1.46;;;;0.250;14456;2;30.733;;;0.003;5712;0;60.88;
idle;39.61;1.29;41.66;1.37;37.63;1.23;;;;0.343;5026;2;5.880;;;0.001;115;0;20.02;
1500000-threshold-50;46.58;1.48;49.55;1.50;43.75;1.44;;;;0.273;23124;2;22.907;;;0.002;4685;0;86.65;
idle;39.17;1.28;40.79;1.34;37.39;1.21;;;;0.272;4566;2;5.504;;;0.000;111;0;20.02;
1500000-threshold-100;54.79;1.45;58.79;1.50;46.53;1.42;;;;0.152;6581;2;48.055;;;0.004;4147;0;35.01;
idle;38.95;1.28;39.83;1.31;37.54;1.23;;;;0.254;4702;2;5.332;;;0.000;89;0;20.02;
1500000-threshold-150;54.82;1.44;58.08;1.50;43.15;1.39;;;;0.154;5475;2;48.362;;;0.004;4084;0;33.02;
idle;38.99;1.28;40.55;1.34;37.69;1.21;;;;0.296;5294;2;5.459;;;0.000;97;0;20.02;
1500000-threshold-0;49.14;1.47;52.18;1.50;43.87;1.43;;;;0.231;15036;2;30.724;;;0.003;5108;0;61.64;
idle;38.99;1.28;40.43;1.33;37.85;1.17;;;;0.276;4800;2;5.428;;;0.000;97;0;20.02;
1500000-threshold-50;55.18;1.45;58.64;1.50;46.07;1.42;;;;0.138;5947;2;48.109;;;0.004;4899;0;35.83;
idle;39.21;1.27;41.19;1.37;37.66;1.19;;;;0.304;5179;2;5.684;;;0.000;113;0;20.00;
1500000-threshold-100;49.27;1.47;54.26;1.50;45.72;1.45;;;;0.199;13525;2;30.254;;;0.003;5010;0;58.83;
idle;39.34;1.29;42.93;1.44;37.70;1.23;;;;0.319;4868;2;5.605;;;0.001;109;0;20.02;
1500000-threshold-150;46.76;1.48;49.41;1.50;45.75;1.48;;;;0.230;22443;2;22.988;;;0.002;6158;0;82.86;
idle;39.26;1.28;41.30;1.36;37.82;1.21;;;;0.306;5287;2;5.520;;;0.001;129;0;20.01;
1500000-threshold-0;49.11;1.47;52.16;1.50;45.05;1.45;;;;0.220;16412;2;29.782;;;0.003;5303;0;66.81;
idle;39.41;1.29;41.89;1.36;37.88;1.23;;;;0.354;4797;2;5.536;;;0.000;120;0;20.02;
1500000-threshold-50;49.40;1.47;53.41;1.50;45.25;1.46;;;;0.242;14564;2;31.018;;;0.003;5152;0;59.76;
idle;38.96;1.28;39.80;1.31;38.09;1.24;;;;0.246;4998;2;5.335;;;0.001;138;0;20.02;
1500000-threshold-100;48.73;1.47;51.66;1.50;42.84;1.43;;;;0.189;13227;2;30.759;;;0.003;5279;0;58.26;
idle;38.85;1.27;40.67;1.34;37.13;1.23;;;;0.266;5254;2;5.398;;;0.001;105;0;20.01;
1500000-threshold-150;48.89;1.47;53.22;1.50;43.53;1.43;;;;0.246;13749;2;30.775;;;0.003;4552;0;57.22;
idle;39.05;1.33;40.60;1.37;37.57;1.28;;;;0.260;5207;2;5.159;;;0.001;122;0;20.02;
1600000-threshold-0;49.51;1.55;52.15;1.60;43.96;1.49;;;;0.199;12702;2;30.533;;;0.003;6021;0;58.52;
idle;39.04;1.34;40.22;1.39;37.53;1.28;;;;0.329;6033;2;5.246;;;0.001;222;0;20.02;
1600000-threshold-50;46.62;1.57;47.69;1.60;44.39;1.53;;;;0.234;21022;2;22.037;;;0.002;5254;0;88.74;
idle;39.42;1.36;42.22;1.48;38.41;1.30;;;;0.322;5358;2;5.538;;;0.000;102;0;20.02;
1600000-threshold-100;56.25;1.51;60.24;1.60;47.02;1.48;;;;0.121;5476;2;48.241;;;0.004;3919;0;33.66;
idle;39.10;1.33;39.91;1.38;37.99;1.26;;;;0.243;4707;2;5.064;;;0.001;111;0;20.02;
1600000-threshold-150;49.39;1.55;52.71;1.60;43.02;1.45;;;;0.237;12574;2;30.499;;;0.003;5855;0;54.33;
idle;39.25;1.34;42.61;1.51;37.53;1.25;;;;0.323;4919;2;5.531;;;0.000;87;0;20.02;
1600000-threshold-0;49.36;1.56;51.64;1.60;45.32;1.53;;;;0.259;13784;2;30.964;;;0.003;6147;0;58.07;
idle;39.12;1.34;40.50;1.41;37.66;1.28;;;;0.271;4438;2;5.367;;;0.001;202;0;20.01;
1600000-threshold-50;49.34;1.55;52.23;1.60;45.99;1.52;;;;0.231;14687;2;30.931;;;0.003;5556;0;55.99;
idle;39.30;1.34;42.50;1.43;38.14;1.27;;;;0.291;4924;2;5.405;;;0.000;120;0;20.02;
1600000-threshold-100;49.77;1.55;53.20;1.60;44.27;1.52;;;;0.220;12841;2;31.090;;;0.003;5880;0;55.26;
idle;39.21;1.35;40.20;1.50;37.82;1.26;;;;0.331;4978;2;5.389;;;0.000;112;0;20.02;
1600000-threshold-150;55.73;1.51;58.65;1.60;45.82;1.48;;;;0.171;5398;2;48.381;;;0.005;4889;0;32.32;
idle;39.04;1.34;40.51;1.43;37.24;1.24;;;;0.241;4752;2;5.255;;;0.001;118;0;20.02;
1600000-threshold-0;49.33;1.56;52.47;1.60;45.10;1.53;;;;0.282;14266;2;30.747;;;0.003;5799;0;59.37;
idle;39.10;1.34;40.46;1.47;37.82;1.23;;;;0.312;5202;2;5.183;;;0.001;130;0;20.02;
1600000-threshold-50;49.41;1.55;52.45;1.60;43.81;1.49;;;;0.189;14228;2;30.815;;;0.003;5776;0;56.65;
idle;39.34;1.35;42.09;1.41;37.70;1.27;;;;0.267;5025;2;5.565;;;0.000;108;0;20.00;
1600000-threshold-100;46.98;1.57;49.86;1.60;45.54;1.53;;;;0.236;22302;2;22.772;;;0.002;5911;0;83.57;
idle;39.11;1.34;41.34;1.40;37.59;1.24;;;;0.304;4822;2;5.166;;;0.001;130;0;20.02;
1600000-threshold-150;47.24;1.57;52.54;1.60;46.33;1.55;;;;0.213;21238;2;22.981;;;0.002;5755;0;81.15;
idle;38.99;1.35;40.53;1.43;37.69;1.25;;;;0.308;4958;2;5.361;;;0.001;161;0;20.02;
1600000-threshold-0;49.30;1.56;52.21;1.60;44.68;1.52;;;;0.229;14192;2;29.977;;;0.003;5510;0;60.13;
idle;39.09;1.34;40.08;1.48;37.59;1.29;;;;0.365;4752;2;5.223;;;0.000;107;0;20.02;
1600000-threshold-50;56.81;1.52;61.67;1.60;47.58;1.48;;;;0.167;5711;2;47.900;;;0.004;3966;0;35.01;
idle;39.32;1.34;42.37;1.41;37.76;1.29;;;;0.263;4550;2;5.425;;;0.000;124;0;20.02;
1600000-threshold-100;49.51;1.55;53.00;1.60;44.92;1.51;;;;0.223;14009;2;30.776;;;0.003;5149;0;54.95;
idle;39.36;1.33;41.55;1.41;38.24;1.24;;;;0.292;5158;2;5.314;;;0.000;125;0;20.02;
1600000-threshold-150;47.20;1.57;50.96;1.60;45.98;1.55;;;;0.221;18928;2;22.189;;;0.002;5121;0;83.89;
idle;39.08;1.34;41.03;1.51;37.92;1.25;;;;0.245;4654;2;5.237;;;0.000;107;0;20.02;
1600000-threshold-0;46.93;1.57;49.11;1.60;45.29;1.56;;;;0.239;22702;2;22.781;;;0.002;5153;0;87.75;
idle;38.94;1.34;40.32;1.42;37.27;1.24;;;;0.278;5007;2;5.257;;;0.001;393;0;20.00;
1600000-threshold-50;49.48;1.55;52.53;1.60;43.18;1.51;;;;0.193;12964;2;30.952;;;0.003;4480;0;56.37;
idle;39.23;1.34;41.36;1.43;37.79;1.26;;;;0.299;4933;2;5.401;;;0.001;121;0;20.02;
1600000-threshold-100;49.45;1.55;53.39;1.60;42.32;1.45;;;;0.210;13473;2;30.077;;;0.003;4967;0;57.30;
idle;39.24;1.35;40.70;1.42;37.92;1.28;;;;0.286;4531;2;5.316;;;0.000;106;0;20.01;
1600000-threshold-150;49.95;1.55;53.69;1.60;44.46;1.53;;;;0.181;11837;2;30.651;;;0.003;5142;0;55.39;
idle;39.23;1.34;40.85;1.41;37.51;1.27;;;;0.289;5378;2;5.351;;;0.001;476;0;20.02;
1600000-threshold-0;49.53;1.55;52.57;1.60;43.07;1.48;;;;0.216;13969;2;30.588;;;0.003;4996;0;58.37;
idle;39.19;1.32;40.82;1.41;37.65;1.23;;;;0.269;5311;2;5.209;;;0.001;125;0;20.00;
1600000-threshold-50;49.47;1.55;52.21;1.60;45.41;1.53;;;;0.218;13457;2;31.268;;;0.003;5191;0;55.91;
idle;39.31;1.34;41.39;1.49;38.03;1.25;;;;0.328;5363;2;5.515;;;0.001;149;0;20.02;
1600000-threshold-100;49.20;1.55;52.34;1.60;44.04;1.50;;;;0.207;14217;2;29.968;;;0.003;4875;0;57.55;
idle;39.12;1.33;40.58;1.40;37.72;1.25;;;;0.295;4661;2;5.269;;;0.001;127;0;20.02;
1600000-threshold-150;56.42;1.52;60.95;1.60;46.99;1.50;;;;0.192;6215;2;48.627;;;0.005;4921;0;32.40;
idle;49.15;1.38;50.79;1.43;44.82;1.27;;;;0.358;5938;2;4.829;;;0.001;162;0;20.02;
1700000-threshold-0;60.79;1.64;63.76;1.70;56.72;1.61;;;;0.219;13088;2;29.525;;;0.003;6114;0;57.17;
idle;50.37;1.36;52.10;1.47;48.47;1.25;;;;0.333;5134;2;4.784;;;0.001;140;0;20.02;
1700000-threshold-50;61.10;1.64;63.93;1.70;56.46;1.60;;;;0.260;13674;2;30.573;;;0.004;6380;0;53.34;
idle;49.58;1.36;52.12;1.43;47.05;1.30;;;;0.369;5486;2;4.641;;;0.000;127;0;20.02;
1700000-threshold-100;66.94;1.58;69.00;1.70;60.06;1.54;;;;0.161;5771;2;48.012;;;0.004;4627;0;31.83;
idle;50.31;1.36;52.29;1.48;47.77;1.25;;;;0.285;4757;2;4.928;;;0.001;239;0;20.02;
1700000-threshold-150;61.53;1.63;64.65;1.70;58.11;1.59;;;;0.267;13082;2;30.599;;;0.004;6720;0;50.76;
idle;49.82;1.37;52.17;1.51;47.24;1.26;;;;0.385;5722;2;4.808;;;0.001;252;0;20.02;
1700000-threshold-0;60.94;1.64;63.54;1.69;56.36;1.58;;;;0.225;12455;2;29.752;;;0.004;7075;0;57.62;
idle;49.87;1.37;52.15;1.52;47.76;1.28;;;;0.403;5460;2;4.819;;;0.001;187;0;20.02;
1700000-threshold-50;58.63;1.66;59.99;1.70;56.08;1.56;;;;0.311;21531;2;22.114;;;0.002;6975;0;79.45;
idle;49.78;1.36;52.44;1.45;47.95;1.31;;;;0.304;5363;2;4.773;;;0.001;429;0;20.02;
1700000-threshold-100;60.95;1.64;64.07;1.70;57.69;1.59;;;;0.259;12820;2;29.612;;;0.004;7108;0;53.99;
idle;49.98;1.38;51.85;1.49;48.67;1.29;;;;0.354;5773;2;4.814;;;0.001;633;0;20.02;
1700000-threshold-150;61.19;1.64;64.63;1.70;56.14;1.57;;;;0.273;13969;2;29.578;;;0.003;6109;0;54.10;
idle;50.48;1.37;52.40;1.54;48.10;1.27;;;;0.317;5145;2;5.033;;;0.000;129;0;20.01;
1700000-threshold-0;61.49;1.63;64.22;1.70;56.49;1.57;;;;0.221;13761;2;30.713;;;0.004;7064;0;55.38;
idle;50.04;1.36;51.23;1.41;48.20;1.30;;;;0.305;5028;2;4.691;;;0.001;163;0;20.02;
1700000-threshold-50;61.21;1.64;64.11;1.70;58.04;1.60;;;;0.287;15244;2;30.346;;;0.004;7338;0;53.78;
idle;50.54;1.38;52.68;1.49;48.72;1.28;;;;0.390;5900;2;5.057;;;0.001;160;0;20.01;
1700000-threshold-100;60.91;1.64;64.01;1.70;57.27;1.60;;;;0.251;12818;2;29.259;;;0.003;5578;0;56.75;
idle;50.24;1.37;52.02;1.46;48.61;1.31;;;;0.394;5439;2;4.845;;;0.001;278;0;20.02;
1700000-threshold-150;66.83;1.58;68.88;1.70;59.45;1.54;;;;0.169;5703;2;48.710;;;0.005;6080;0;30.23;
idle;49.87;1.36;51.75;1.46;47.94;1.27;;;;0.312;4966;2;4.519;;;0.001;212;0;20.02;
1700000-threshold-0;61.46;1.64;64.25;1.70;57.74;1.60;;;;0.233;14571;2;30.738;;;0.003;5781;0;56.15;
idle;50.44;1.37;54.42;1.55;48.88;1.29;;;;0.349;5604;2;5.023;;;0.000;119;0;20.02;
1700000-threshold-50;60.93;1.64;64.27;1.70;55.33;1.53;;;;0.233;13088;2;29.751;;;0.004;7282;0;55.16;
idle;50.40;1.36;52.45;1.46;48.87;1.27;;;;0.390;5683;2;4.721;;;0.000;135;0;20.02;
1700000-threshold-100;66.71;1.58;68.81;1.70;59.73;1.54;;;;0.156;5891;2;47.755;;;0.004;5178;0;31.91;
idle;50.43;1.37;51.39;1.55;48.25;1.29;;;;0.323;5111;2;4.999;;;0.001;133;0;20.02;
1700000-threshold-150;58.88;1.66;60.48;1.70;55.85;1.62;;;;0.304;21021;2;22.269;;;0.003;7594;0;76.40;
idle;50.13;1.35;51.39;1.42;48.09;1.26;;;;0.401;4725;2;4.620;;;0.000;104;0;20.02;
1700000-threshold-0;58.98;1.66;60.58;1.70;56.59;1.58;;;;0.327;24591;2;22.085;;;0.003;8257;0;83.64;
idle;50.03;1.36;51.80;1.46;47.28;1.29;;;;0.403;5297;2;4.577;;;0.000;145;0;20.02;
1700000-threshold-50;61.35;1.64;64.34;1.70;57.59;1.60;;;;0.248;14063;2;30.003;;;0.004;7239;0;55.83;
idle;50.61;1.37;52.29;1.44;48.95;1.29;;;;0.362;4827;2;4.801;;;0.001;172;0;20.01;
1700000-threshold-100;61.21;1.64;64.15;1.70;55.98;1.58;;;;0.221;12184;2;30.428;;;0.004;7257;0;52.60;
idle;50.70;1.36;52.51;1.46;48.54;1.29;;;;0.364;5591;2;4.921;;;0.001;244;0;20.02;
1700000-threshold-150;66.51;1.58;68.52;1.70;56.67;1.54;;;;0.155;6236;2;47.324;;;0.005;5825;0;31.48;
idle;50.54;1.37;52.29;1.43;49.16;1.30;;;;0.276;4895;2;4.757;;;0.001;161;0;20.02;
1700000-threshold-0;61.19;1.64;63.68;1.70;56.21;1.58;;;;0.237;14384;2;30.289;;;0.003;6421;0;55.53;
idle;50.72;1.38;52.38;1.50;49.54;1.27;;;;0.322;5631;2;4.991;;;0.001;159;0;20.02;
1700000-threshold-50;61.09;1.64;63.93;1.70;55.20;1.53;;;;0.277;13610;2;30.332;;;0.004;7094;0;54.19;
idle;50.00;1.37;52.20;1.48;47.14;1.25;;;;0.396;5313;2;4.673;;;0.001;157;0;20.02;
1700000-threshold-100;61.34;1.64;64.20;1.70;55.69;1.60;;;;0.267;13329;2;30.407;;;0.004;7567;0;52.53;
idle;50.27;1.36;53.01;1.49;48.33;1.29;;;;0.363;5282;2;5.011;;;0.001;138;0;20.02;
1700000-threshold-150;66.64;1.58;68.76;1.70;56.88;1.54;;;;0.167;5006;2;48.419;;;0.005;5118;0;30.09;
